name,profile_url
Degerfors Long Products AB,https://www.allabolag.se/foretag/degerfors-long-products-ab/degerfors/-/5593324907
Cambrex Karlskoga Aktiebolag,https://www.allabolag.se/foretag/cambrex-karlskoga-aktiebolag/karlskoga/-/5560136235
Kopparbergs Bryggeri Aktiebolag,https://www.allabolag.se/foretag/kopparbergs-bryggeri-aktiebolag/kopparberg/-/5564798493
Tommy Allström Byggproduktion AB,https://www.allabolag.se/foretag/tommy-allstr%C3%B6m-byggproduktion-ab/lindesberg/-/5565548426
LäroMedia Bokhandel Örebro Aktiebolag,https://www.allabolag.se/foretag/l%C3%A4romedia-bokhandel-%C3%B6rebro-aktiebolag/%C3%B6rebro/-/5564162757
Adven Sverige AB,https://www.allabolag.se/foretag/adven-sverige-ab/%C3%B6rebro/-/5567029516
ASPA PULP AB,https://www.allabolag.se/foretag/aspa-pulp-ab/aspabruk/-/5560646498
EURENCO Bofors Aktiebolag,https://www.allabolag.se/foretag/eurenco-bofors-aktiebolag/karlskoga/-/5562679372
NG Nordic Sweden AB,https://www.allabolag.se/foretag/ng-nordic-sweden-ab/kumla/-/5561299537
ScandFibre Logistics Aktiebolag,https://www.allabolag.se/foretag/scandfibre-logistics-aktiebolag/%C3%B6rebro/-/5562531474
Tage Rejmes i Örebro Bilaktiebolag,https://www.allabolag.se/foretag/tage-rejmes-i-%C3%B6rebro-bilaktiebolag/%C3%B6rebro/-/5560961228
Eitech Electro AB,https://www.allabolag.se/foretag/eitech-electro-ab/%C3%B6rebro/-/5564690732
Suzuki Garphyttan AB,https://www.allabolag.se/foretag/suzuki-garphyttan-ab/garphyttan/-/5560302886
Textilia Tvätt & Textilservice AB,https://www.allabolag.se/foretag/textilia-tv%C3%A4tt-textilservice-ab/%C3%B6rebro/-/5565385043
KION Financial Services Sweden AB,https://www.allabolag.se/foretag/kion-financial-services-sweden-ab/%C3%B6rebro/-/5591285142
Bharat Forge Kilsta AB,https://www.allabolag.se/foretag/bharat-forge-kilsta-ab/karlskoga/-/5560612565
Radiator VVS Aktiebolag,https://www.allabolag.se/foretag/radiator-vvs-aktiebolag/%C3%B6rebro/-/5560271065
Humana Omsorg AB,https://www.allabolag.se/foretag/humana-omsorg-ab/%C3%B6rebro/-/5567490007
FFV Ordnance Aktiebolag,https://www.allabolag.se/foretag/ffv-ordnance-aktiebolag/karlskoga/-/5564148194
Dormy Golf & Fashion Aktiebolag,https://www.allabolag.se/foretag/dormy-golf-fashion-aktiebolag/%C3%B6rebro/-/5564867637
Orica Sweden AB,https://www.allabolag.se/foretag/orica-sweden-ab/gyttorp/-/5560125246
Moelven Valåsen Aktiebolag,https://www.allabolag.se/foretag/moelven-val%C3%A5sen-aktiebolag/karlskoga/-/5563104206
Möller Sportbilar AB,https://www.allabolag.se/foretag/m%C3%B6ller-sportbilar-ab/%C3%B6rebro/-/5563846590
Chroma Livs AB,https://www.allabolag.se/foretag/chroma-livs-ab/%C3%B6rebro/-/5565895934
Mondi Örebro AB,https://www.allabolag.se/foretag/mondi-%C3%B6rebro-ab/%C3%B6rebro/-/5560393828
Infrakraft Mälardalen AB,https://www.allabolag.se/foretag/infrakraft-m%C3%A4lardalen-ab/%C3%B6rebro/-/5592394984
Ahlstrom Ställdalen AB,https://www.allabolag.se/foretag/ahlstrom-st%C3%A4lldalen-ab/st%C3%A4lldalen/-/5563968998
Forcit Sweden AB,https://www.allabolag.se/foretag/forcit-sweden-ab/karlskoga/-/5567844096
Futurum Fastigheter i Örebro AB,https://www.allabolag.se/foretag/futurum-fastigheter-i-%C3%B6rebro-ab/%C3%B6rebro/-/5567366215
Billerud Rockhammar AB,https://www.allabolag.se/foretag/billerud-rockhammar-ab/fr%C3%B6vi/-/5567612436
Pac-Production Sweden Aktiebolag,https://www.allabolag.se/foretag/pac-production-sweden-aktiebolag/%C3%B6rebro/-/5563008712
Green Sales Distributions AB,https://www.allabolag.se/foretag/green-sales-distributions-ab/hallsberg/-/5566442256
Kronhallen Butik AB,https://www.allabolag.se/foretag/kronhallen-butik-ab/karlskoga/-/5567826366
Emba Machinery Aktiebolag,https://www.allabolag.se/foretag/emba-machinery-aktiebolag/%C3%B6rebro/-/5560460106
Dynasafe Demil Systems AB,https://www.allabolag.se/foretag/dynasafe-demil-systems-ab/karlskoga/-/5590356050
Tage Rejmes i Örebro Lastvagnar Aktiebolag,https://www.allabolag.se/foretag/tage-rejmes-i-%C3%B6rebro-lastvagnar-aktiebolag/%C3%B6rebro/-/5560682154
Karlskoga Energi och Miljö AB,https://www.allabolag.se/foretag/karlskoga-energi-och-milj%C3%B6-ab/karlskoga/-/5565074126
Stormarknaden på Tybble AB,https://www.allabolag.se/foretag/stormarknaden-p%C3%A5-tybble-ab/%C3%B6rebro/-/5569285561
PartnerTech Karlskoga Aktiebolag,https://www.allabolag.se/foretag/partnertech-karlskoga-aktiebolag/karlskoga/-/5563381242
Örebroporten Fastigheter AB,https://www.allabolag.se/foretag/%C3%B6rebroporten-fastigheter-ab/%C3%B6rebro/-/5561678276
Schur Pack Sweden AB,https://www.allabolag.se/foretag/schur-pack-sweden-ab/kumla/-/5562426816
NA Bygg Aktiebolag,https://www.allabolag.se/foretag/na-bygg-aktiebolag/hallsberg/-/5566925557
Castellum City Förvaltning AB,https://www.allabolag.se/foretag/castellum-city-f%C3%B6rvaltning-ab/%C3%B6rebro/-/5565733952
Baettr Guldsmedshyttan AB,https://www.allabolag.se/foretag/baettr-guldsmedshyttan-ab/guldsmedshyttan/-/5560400854
OBK Sverige AB,https://www.allabolag.se/foretag/obk-sverige-ab/%C3%B6rebro/-/5568635303
Hasselfors Garden AB,https://www.allabolag.se/foretag/hasselfors-garden-ab/%C3%B6rebro/-/5566651823
Hörmann Svenska AB,https://www.allabolag.se/foretag/h%C3%B6rmann-svenska-ab/%C3%B6rebro/-/5565470241
FMF Assistans AB,https://www.allabolag.se/foretag/fmf-assistans-ab/%C3%B6rebro/-/5568007206
Malmbergs Elektriska Aktiebolag (publ),https://www.allabolag.se/foretag/malmbergs-elektriska-aktiebolag-publ/kumla/-/5565562781
CAB Group AB,https://www.allabolag.se/foretag/cab-group-ab/%C3%B6rebro/-/5561312223
